-- phpMyAdmin SQL Dump
-- version 5.1.0
-- https://www.phpmyadmin.net/
--
-- Host: 127.0.0.1
-- Generation Time: Oct 11, 2021 at 04:42 PM
-- Server version: 10.4.18-MariaDB
-- PHP Version: 7.4.16

SET SQL_MODE = "NO_AUTO_VALUE_ON_ZERO";
START TRANSACTION;
SET time_zone = "+00:00";


/*!40101 SET @OLD_CHARACTER_SET_CLIENT=@@CHARACTER_SET_CLIENT */;
/*!40101 SET @OLD_CHARACTER_SET_RESULTS=@@CHARACTER_SET_RESULTS */;
/*!40101 SET @OLD_COLLATION_CONNECTION=@@COLLATION_CONNECTION */;
/*!40101 SET NAMES utf8mb4 */;

--
-- Database: `psb`
--

-- --------------------------------------------------------

--
-- Table structure for table `akun`
--

CREATE TABLE `akun` (
  `Id` int(11) NOT NULL,
  `email` varchar(255) DEFAULT NULL,
  `password` varchar(255) DEFAULT NULL,
  `nama_admin` varchar(255) DEFAULT NULL,
  `role_user` varchar(255) DEFAULT NULL,
  `id_user` int(255) DEFAULT NULL
) ENGINE=InnoDB DEFAULT CHARSET=latin1;

--
-- Dumping data for table `akun`
--

INSERT INTO `akun` (`Id`, `email`, `password`, `nama_admin`, `role_user`, `id_user`) VALUES
(2, 'admin@gmail.com', '$2y$10$AIxith3klXwMIMT/t3CpHOasClDF8l1JWV66U1zob78mXT4wksaJq', 'Adi Cahyono', '0', NULL),
(20, 'test@gmail.com', '$2y$10$GK/Vsz.N/wTbKijTQw31qOgTZFqeLNwZgofVP0Nst4zJ/XFmwKEoa', '', '1', 9),
(21, 'test2@gmail.com', '$2y$10$gg12u7EggBdGgI7lO6ZC2eeF3vmfsEJjAqiFyrrjptYvESBu//PEy', '', '1', 10),
(23, 'intanlestari@gmail.com', '$2y$10$YeoJo22IL7.gF51sL3atMe/WPuPDkH/jFyEHpF11MPo5xBxe.ZhZS', '', '1', 12);

-- --------------------------------------------------------

--
-- Table structure for table `cicilan_pendaftaran`
--

CREATE TABLE `cicilan_pendaftaran` (
  `Id` int(11) NOT NULL,
  `bukti_pembayaran` varchar(255) DEFAULT NULL,
  `id_detail_pendaftaran` int(11) DEFAULT NULL,
  `nominal` int(11) DEFAULT NULL,
  `tanggal_pembayaran` varchar(255) DEFAULT NULL,
  `status_cicilan` int(11) NOT NULL,
  `cicilan_ke` int(255) DEFAULT NULL
) ENGINE=InnoDB DEFAULT CHARSET=latin1;

--
-- Dumping data for table `cicilan_pendaftaran`
--

INSERT INTO `cicilan_pendaftaran` (`Id`, `bukti_pembayaran`, `id_detail_pendaftaran`, `nominal`, `tanggal_pembayaran`, `status_cicilan`, `cicilan_ke`) VALUES
(16, '04-12-252. Gagal signup (data kurang atau sudah terpakai).PNG', 8, 895000, '2017-12-27', 1, 1),
(17, '10-12-24background2.jpg', 9, 500000, '2017-12-29', 1, 1),
(18, '10-12-11button.png', 9, 395000, '2017-12-29', 1, 2),
(20, '04-10-16cc.jpg', 11, 880000, '2021-10-11', 1, 1),
(21, '04-10-27Kompeten Web.jpg', 11, 880000, '2021-10-11', 1, 1),
(22, '04-10-11Kompeten Web.jpg', 11, 880000, '2021-10-11', 1, 1),
(23, '04-10-341920x1080.jpg', 11, 880000, '2021-10-11', 1, 1);

-- --------------------------------------------------------

--
-- Table structure for table `detail_pendaftaran`
--

CREATE TABLE `detail_pendaftaran` (
  `Id` int(11) NOT NULL,
  `id_user` int(11) DEFAULT NULL,
  `id_admin` int(11) DEFAULT NULL,
  `tanggal_daftar` date DEFAULT NULL,
  `metode_pembayaran_pendaftaran` varchar(255) DEFAULT NULL COMMENT 'metode_pembayaran',
  `kelas` varchar(255) DEFAULT NULL,
  `usia` varchar(255) DEFAULT NULL,
  `status_pendaftaran` varchar(255) DEFAULT NULL,
  `status_kegiatan` int(11) NOT NULL DEFAULT 0,
  `biaya_kegiatan` int(11) DEFAULT 0,
  `tanggal_kegiatan` date DEFAULT NULL,
  `bukti_konfirmasi_pembayaran_kegiatan` varchar(255) DEFAULT NULL
) ENGINE=InnoDB DEFAULT CHARSET=latin1;

--
-- Dumping data for table `detail_pendaftaran`
--

INSERT INTO `detail_pendaftaran` (`Id`, `id_user`, `id_admin`, `tanggal_daftar`, `metode_pembayaran_pendaftaran`, `kelas`, `usia`, `status_pendaftaran`, `status_kegiatan`, `biaya_kegiatan`, `tanggal_kegiatan`, `bukti_konfirmasi_pembayaran_kegiatan`) VALUES
(8, 9, 2, '2017-12-27', 'L', 'B', '12 tahun 9 bulan', '1', 0, 0, NULL, NULL),
(9, 10, 2, '2017-12-29', 'C', 'B', '12 tahun 9 bulan', '1', 0, 0, NULL, NULL),
(11, 12, 2, '2021-10-11', 'L', 'A', '19 tahun 5 bulan', '4', 0, 0, NULL, NULL);

-- --------------------------------------------------------

--
-- Table structure for table `hari`
--

CREATE TABLE `hari` (
  `Id` int(11) NOT NULL,
  `nama_hari` varchar(255) DEFAULT NULL
) ENGINE=InnoDB DEFAULT CHARSET=latin1;

--
-- Dumping data for table `hari`
--

INSERT INTO `hari` (`Id`, `nama_hari`) VALUES
(1, 'Senin'),
(2, 'Selasa'),
(3, 'Rabu'),
(4, 'Kamis'),
(5, 'Jumat'),
(6, 'Sabtu');

-- --------------------------------------------------------

--
-- Table structure for table `pembayaran_spp`
--

CREATE TABLE `pembayaran_spp` (
  `Id` int(11) NOT NULL,
  `tanggal_pembayaran_spp` date DEFAULT NULL,
  `cicilan_ke` int(11) NOT NULL,
  `status_spp` int(11) DEFAULT NULL,
  `user_id` varchar(255) DEFAULT NULL
) ENGINE=InnoDB DEFAULT CHARSET=latin1;

--
-- Dumping data for table `pembayaran_spp`
--

INSERT INTO `pembayaran_spp` (`Id`, `tanggal_pembayaran_spp`, `cicilan_ke`, `status_spp`, `user_id`) VALUES
(19, '2017-12-21', 1, 1, '8'),
(20, '2017-12-21', 1, 1, '8'),
(21, '2017-12-24', 3, 1, '8'),
(22, '2017-12-24', 4, 1, '8'),
(23, '2017-12-24', 5, 1, '8'),
(24, '2017-12-24', 6, 1, '8'),
(25, '2017-12-27', 1, 1, '9'),
(26, '2017-12-27', 2, 1, '9'),
(27, '2017-12-27', 3, 1, '9'),
(28, '2017-12-27', 4, 1, '9'),
(29, '2017-12-27', 5, 1, '9'),
(30, '2017-12-27', 6, 1, '9'),
(31, '2017-12-27', 1, 1, '9'),
(32, '2017-12-29', 1, 1, '10'),
(33, '2021-10-11', 1, 1, '12'),
(34, '2021-10-11', 1, 1, '12');

-- --------------------------------------------------------

--
-- Table structure for table `pendaftaran`
--

CREATE TABLE `pendaftaran` (
  `Id` int(11) NOT NULL,
  `nama` varchar(100) DEFAULT NULL,
  `nama_panggilan` varchar(50) DEFAULT NULL,
  `tempat_lahir` varchar(50) DEFAULT NULL,
  `tanggal_lahir` date DEFAULT NULL,
  `jenis_kelamin` char(1) DEFAULT NULL,
  `anak_ke` int(11) DEFAULT NULL,
  `jumlah_saudara` int(11) DEFAULT NULL,
  `di_jakarta_ikut` varchar(100) DEFAULT NULL,
  `nama_ayah` varchar(255) DEFAULT NULL,
  `tempat_lahir_ayah` varchar(255) DEFAULT NULL,
  `tanggal_lahir_ayah` date DEFAULT NULL,
  `pendidikan_terakhir_ayah` varchar(50) DEFAULT NULL,
  `pekerjaan_ayah` varchar(255) DEFAULT NULL,
  `agama_ayah` varchar(255) DEFAULT NULL,
  `nama_ibu` varchar(255) DEFAULT NULL,
  `tempat_lahir_ibu` varchar(255) DEFAULT NULL,
  `tanggal_lahir_ibu` date DEFAULT NULL,
  `pendidikan_terakhir_ibu` varchar(255) DEFAULT NULL,
  `pekerjaan_ibu` varchar(255) DEFAULT NULL,
  `agama_ibu` varchar(255) DEFAULT NULL,
  `telp` varchar(255) DEFAULT NULL,
  `upload_akte` varchar(255) DEFAULT NULL,
  `upload_kartu_keluarga` varchar(255) DEFAULT NULL,
  `foto_anak` varchar(255) DEFAULT NULL,
  `foto_keluarga` varchar(255) DEFAULT NULL
) ENGINE=InnoDB DEFAULT CHARSET=latin1;

--
-- Dumping data for table `pendaftaran`
--

INSERT INTO `pendaftaran` (`Id`, `nama`, `nama_panggilan`, `tempat_lahir`, `tanggal_lahir`, `jenis_kelamin`, `anak_ke`, `jumlah_saudara`, `di_jakarta_ikut`, `nama_ayah`, `tempat_lahir_ayah`, `tanggal_lahir_ayah`, `pendidikan_terakhir_ayah`, `pekerjaan_ayah`, `agama_ayah`, `nama_ibu`, `tempat_lahir_ibu`, `tanggal_lahir_ibu`, `pendidikan_terakhir_ibu`, `pekerjaan_ibu`, `agama_ibu`, `telp`, `upload_akte`, `upload_kartu_keluarga`, `foto_anak`, `foto_keluarga`) VALUES
(9, 'test', 'test', 'test', '2009-01-01', 'L', 1, 2, 'test', 'test', 'test', '1980-01-01', 'SMA', 'test', 'test', 'test', 'test', '1980-01-01', 'test', 'test', 'test', '908080', '03-12-391. Berhasil signup.PNG', '03-12-392. Gagal signup (data kurang atau sudah terpakai).PNG', '03-12-502. Gagal signup (data kurang atau sudah terpakai).PNG', '03-12-501. Berhasil signup.PNG'),
(10, 'test2', 'test2', 'test2', '2009-01-01', 'L', 2, 2, 'test2', 'test2', 'test2', '1980-01-01', 'test2', 'test2', 'test2', 'test2', 'test2', '1980-01-01', 'test2', 'test2', 'test2', 'test2', '10-12-35filter.png', '10-12-35icon.JPG', '10-12-45edittext.png', '10-12-45cloud-internet-symbol.png'),
(12, 'Intan Lestari', 'Intan', 'Samarinda', '2002-05-09', 'P', 2, 2, 'Orang Tua', 'Agus Riyanto', 'Blitar', '1972-08-10', 'SMP Sederajat', 'Kuli Bangunan', 'Islam', 'Kariyati', 'Malang', '1974-12-31', 'SD Sederajat', 'Ibu Rumah Tangga', 'Islam', '081350754908', '04-10-15Adi Cahyono.jpg', '04-10-15Adi Cahyono_IKA POLNES.jpg', '04-10-13Attend Web.jpg', '04-10-13certificate Google my business.jpg');

-- --------------------------------------------------------

--
-- Table structure for table `siswa`
--

CREATE TABLE `siswa` (
  `nis` char(6) NOT NULL DEFAULT '0',
  `kelas` varchar(255) DEFAULT NULL,
  `id_detail_pendaftaran` int(11) DEFAULT NULL,
  `nama` varchar(255) DEFAULT NULL
) ENGINE=InnoDB DEFAULT CHARSET=latin1;

--
-- Dumping data for table `siswa`
--

INSERT INTO `siswa` (`nis`, `kelas`, `id_detail_pendaftaran`, `nama`) VALUES
('170002', 'B', 8, 'test'),
('170003', 'B', 8, 'test'),
('170004', 'B', 9, 'test2'),
('210005', 'A', 11, 'Intan Lestari'),
('210006', 'A', 11, 'Intan Lestari'),
('210007', 'A', 11, 'Intan Lestari'),
('210008', 'A', 11, 'Intan Lestari');

--
-- Indexes for dumped tables
--

--
-- Indexes for table `akun`
--
ALTER TABLE `akun`
  ADD PRIMARY KEY (`Id`),
  ADD KEY `id_user` (`id_user`),
  ADD KEY `id_user_2` (`id_user`);

--
-- Indexes for table `cicilan_pendaftaran`
--
ALTER TABLE `cicilan_pendaftaran`
  ADD PRIMARY KEY (`Id`),
  ADD KEY `id_detail_pendaftaran` (`id_detail_pendaftaran`);

--
-- Indexes for table `detail_pendaftaran`
--
ALTER TABLE `detail_pendaftaran`
  ADD PRIMARY KEY (`Id`),
  ADD KEY `id_user` (`id_user`),
  ADD KEY `id_admin` (`id_admin`);

--
-- Indexes for table `hari`
--
ALTER TABLE `hari`
  ADD PRIMARY KEY (`Id`);

--
-- Indexes for table `pembayaran_spp`
--
ALTER TABLE `pembayaran_spp`
  ADD PRIMARY KEY (`Id`);

--
-- Indexes for table `pendaftaran`
--
ALTER TABLE `pendaftaran`
  ADD PRIMARY KEY (`Id`);

--
-- Indexes for table `siswa`
--
ALTER TABLE `siswa`
  ADD PRIMARY KEY (`nis`);

--
-- AUTO_INCREMENT for dumped tables
--

--
-- AUTO_INCREMENT for table `akun`
--
ALTER TABLE `akun`
  MODIFY `Id` int(11) NOT NULL AUTO_INCREMENT, AUTO_INCREMENT=24;

--
-- AUTO_INCREMENT for table `cicilan_pendaftaran`
--
ALTER TABLE `cicilan_pendaftaran`
  MODIFY `Id` int(11) NOT NULL AUTO_INCREMENT, AUTO_INCREMENT=24;

--
-- AUTO_INCREMENT for table `detail_pendaftaran`
--
ALTER TABLE `detail_pendaftaran`
  MODIFY `Id` int(11) NOT NULL AUTO_INCREMENT, AUTO_INCREMENT=12;

--
-- AUTO_INCREMENT for table `hari`
--
ALTER TABLE `hari`
  MODIFY `Id` int(11) NOT NULL AUTO_INCREMENT, AUTO_INCREMENT=7;

--
-- AUTO_INCREMENT for table `pembayaran_spp`
--
ALTER TABLE `pembayaran_spp`
  MODIFY `Id` int(11) NOT NULL AUTO_INCREMENT, AUTO_INCREMENT=35;

--
-- AUTO_INCREMENT for table `pendaftaran`
--
ALTER TABLE `pendaftaran`
  MODIFY `Id` int(11) NOT NULL AUTO_INCREMENT, AUTO_INCREMENT=13;

--
-- Constraints for dumped tables
--

--
-- Constraints for table `akun`
--
ALTER TABLE `akun`
  ADD CONSTRAINT `akun_ibfk_1` FOREIGN KEY (`id_user`) REFERENCES `pendaftaran` (`Id`) ON DELETE CASCADE ON UPDATE CASCADE;

--
-- Constraints for table `cicilan_pendaftaran`
--
ALTER TABLE `cicilan_pendaftaran`
  ADD CONSTRAINT `cicilan_pendaftaran_ibfk_1` FOREIGN KEY (`id_detail_pendaftaran`) REFERENCES `detail_pendaftaran` (`Id`) ON DELETE CASCADE ON UPDATE CASCADE;

--
-- Constraints for table `detail_pendaftaran`
--
ALTER TABLE `detail_pendaftaran`
  ADD CONSTRAINT `detail_pendaftaran_ibfk_1` FOREIGN KEY (`id_user`) REFERENCES `pendaftaran` (`Id`) ON DELETE CASCADE ON UPDATE CASCADE,
  ADD CONSTRAINT `detail_pendaftaran_ibfk_2` FOREIGN KEY (`id_admin`) REFERENCES `akun` (`Id`) ON DELETE CASCADE ON UPDATE CASCADE;
COMMIT;

/*!40101 SET CHARACTER_SET_CLIENT=@OLD_CHARACTER_SET_CLIENT */;
/*!40101 SET CHARACTER_SET_RESULTS=@OLD_CHARACTER_SET_RESULTS */;
/*!40101 SET COLLATION_CONNECTION=@OLD_COLLATION_CONNECTION */;
